Workbook

Sheet Instructions
B2: WCSD Informal Solicitation — Proposal Scoring Rubric
B3: Generic template for use by any WCSD department running an informal solicitation.
B5: HOW TO USE THIS WORKBOOK
B6: 1. SET UP — On this tab, replace the project name, criteria, weights, vendor names, and scorer names in the Setup block below. Every other tab pulls from here, so you only enter them once.
B7: 2. ADD OR REMOVE TABS — Duplicate a scorer tab for each additional reviewer (right-click the tab > Move or Copy > Create a copy). Delete unused scorer tabs. Use at least three scorers.
B8: 3. SCORE INDEPENDENTLY — Each scorer completes only their own tab, without seeing the others. Enter points for each vendor on each criterion, and write a short note explaining the score. Notes are not optional — they are the record of why the District selected the vendor it selected.
B9: 4. ROLL UP — The 'All Scores' tab pulls each scorer's totals automatically and computes the average score per vendor. The highest average score wins.
B10: 5. RETAIN — Save the completed workbook with the solicitation letter, all vendor proposals, and any correspondence in the procurement file.
B12: GROUND RULES
B13: • Points possible for each criterion must total 100.
B14: • Weights in this rubric must match the weights published in the solicitation letter exactly. Do not change criteria or weights after the solicitation has been sent.
B15: • Score only what the proposal says. Do not credit a vendor for capability they did not describe.
... B19: SETUP — fill this in first
B20: Project / solicitation title: | C20: [Title of Services Being Requested]
B21: Requesting department: | C21: [Department / Office Name]
B22: Solicitation date: | C22: [Month DD, YYYY]
B23: Proposals due: | C23: [Month DD, YYYY]
B24: Total funds available: | C24: [$________]

Sheet Scorer 1
A1: [Title of Services Being Requested] — Proposal Scoring Rubric
A2: Scorer 1 — Name: [Enter scorer name] | Date scored: [Month DD, YYYY]
C4: [Vendor A] | E4: [Vendor B] | G4: [Vendor C]
A5: Criteria | B5: Points Possible | C5: Points Scored | D5: Notes / Justification for Score | E5: Points Scored | F5: Notes / Justification for Score | G5: Points Scored | H5: Notes / Justification for Score
A6: [Criterion 1 — e.g., Prior experience providing consultation related to work of this type] | B6: 15
A7: [Criterion 2 — e.g., Subject-matter expertise in the specific content area] | B7: 15
A8: [Criterion 3 — e.g., Capacity and plan for conducting the proposed activities] | B8: 25
A9: [Criterion 4 — e.g., Quality of task list with deliverables and feasibility of timeline] | B9: 25
A10: [Criterion 5 — e.g., Estimated cost of deliverables and total contract cost] | B10: 20
A11: Total Points Received | B11: =SUM(B6:B10) | C11: =SUM(C6:C10) | E11: =SUM(E6:E10) | G11: =SUM(G6:G10)
A13: Notes are required for every score. Explain what in the proposal earned — or cost — the points. If points were deducted, say what was missing.

Sheet Scorer 2
A1: [Title of Services Being Requested] — Proposal Scoring Rubric
A2: Scorer 2 — Name: [Enter scorer name] | Date scored: [Month DD, YYYY]
C4: [Vendor A] | E4: [Vendor B] | G4: [Vendor C]
A5: Criteria | B5: Points Possible | C5: Points Scored | D5: Notes / Justification for Score | E5: Points Scored | F5: Notes / Justification for Score | G5: Points Scored | H5: Notes / Justification for Score
A6: [Criterion 1 — e.g., Prior experience providing consultation related to work of this type] | B6: 15
A7: [Criterion 2 — e.g., Subject-matter expertise in the specific content area] | B7: 15
A8: [Criterion 3 — e.g., Capacity and plan for conducting the proposed activities] | B8: 25
A9: [Criterion 4 — e.g., Quality of task list with deliverables and feasibility of timeline] | B9: 25
A10: [Criterion 5 — e.g., Estimated cost of deliverables and total contract cost] | B10: 20
A11: Total Points Received | B11: =SUM(B6:B10) | C11: =SUM(C6:C10) | E11: =SUM(E6:E10) | G11: =SUM(G6:G10)
A13: Notes are required for every score. Explain what in the proposal earned — or cost — the points. If points were deducted, say what was missing.

Sheet Scorer 3
A1: [Title of Services Being Requested] — Proposal Scoring Rubric
A2: Scorer 3 — Name: [Enter scorer name] | Date scored: [Month DD, YYYY]
C4: [Vendor A] | E4: [Vendor B] | G4: [Vendor C]
A5: Criteria | B5: Points Possible | C5: Points Scored | D5: Notes / Justification for Score | E5: Points Scored | F5: Notes / Justification for Score | G5: Points Scored | H5: Notes / Justification for Score
A6: [Criterion 1 — e.g., Prior experience providing consultation related to work of this type] | B6: 15
A7: [Criterion 2 — e.g., Subject-matter expertise in the specific content area] | B7: 15
A8: [Criterion 3 — e.g., Capacity and plan for conducting the proposed activities] | B8: 25
A9: [Criterion 4 — e.g., Quality of task list with deliverables and feasibility of timeline] | B9: 25
A10: [Criterion 5 — e.g., Estimated cost of deliverables and total contract cost] | B10: 20
A11: Total Points Received | B11: =SUM(B6:B10) | C11: =SUM(C6:C10) | E11: =SUM(E6:E10) | G11: =SUM(G6:G10)
A13: Notes are required for every score. Explain what in the proposal earned — or cost — the points. If points were deducted, say what was missing.

Sheet All Scores
A1: [Title of Services Being Requested] — All Scores Summary
A2: Pulls automatically from each scorer tab. Do not type scores here.
C4: [Vendor A] | F4: [Vendor B] | I4: [Vendor C]
A5: Criteria | B5: Points Possible | C5: Scorer 1 | D5: Scorer 2 | E5: Scorer 3 | F5: Scorer 1 | G5: Scorer 2 | H5: Scorer 3 | I5: Scorer 1 | J5: Scorer 2 | K5: Scorer 3
A6: [Criterion 1 — e.g., Prior experience providing consultation related to work of this type] | B6: 15 | C6: ='Scorer 1'!C6 | D6: ='Scorer 2'!C6 | E6: ='Scorer 3'!C6 | F6: ='Scorer 1'!E6 | G6: ='Scorer 2'!E6 | H6: ='Scorer 3'!E6 | I6: ='Scorer 1'!G6 | J6: ='Scorer 2'!G6 | K6: ='Scorer 3'!G6
A7: [Criterion 2 — e.g., Subject-matter expertise in the specific content area] | B7: 15 | C7: ='Scorer 1'!C7 | D7: ='Scorer 2'!C7 | E7: ='Scorer 3'!C7 | F7: ='Scorer 1'!E7 | G7: ='Scorer 2'!E7 | H7: ='Scorer 3'!E7 | I7: ='Scorer 1'!G7 | J7: ='Scorer 2'!G7 | K7: ='Scorer 3'!G7
A8: [Criterion 3 — e.g., Capacity and plan for conducting the proposed activities] | B8: 25 | C8: ='Scorer 1'!C8 | D8: ='Scorer 2'!C8 | E8: ='Scorer 3'!C8 | F8: ='Scorer 1'!E8 | G8: ='Scorer 2'!E8 | H8: ='Scorer 3'!E8 | I8: ='Scorer 1'!G8 | J8: ='Scorer 2'!G8 | K8: ='Scorer 3'!G8
A9: [Criterion 4 — e.g., Quality of task list with deliverables and feasibility of timeline] | B9: 25 | C9: ='Scorer 1'!C9 | D9: ='Scorer 2'!C9 | E9: ='Scorer 3'!C9 | F9: ='Scorer 1'!E9 | G9: ='Scorer 2'!E9 | H9: ='Scorer 3'!E9 | I9: ='Scorer 1'!G9 | J9: ='Scorer 2'!G9 | K9: ='Scorer 3'!G9
A10: [Criterion 5 — e.g., Estimated cost of deliverables and total contract cost] | B10: 20 | C10: ='Scorer 1'!C10 | D10: ='Scorer 2'!C10 | E10: ='Scorer 3'!C10 | F10: ='Scorer 1'!E10 | G10: ='Scorer 2'!E10 | H10: ='Scorer 3'!E10 | I10: ='Scorer 1'!G10 | J10: ='Scorer 2'!G10 | K10: ='Scorer 3'!G10
A11: Total Points Received | B11: =SUM(B6:B10) | C11: =SUM(C6:C10) | D11: =SUM(D6:D10) | E11: =SUM(E6:E10) | F11: =SUM(F6:F10) | G11: =SUM(G6:G10) | H11: =SUM(H6:H10) | I11: =SUM(I6:I10) | ... K11: =SUM(K6:K10)
A13: AVERAGE SCORE (highest average wins) | C13: =AVERAGE(C11:E11) | F13: =AVERAGE(F11:H11) | I13: =AVERAGE(I11:K11)
A15: Record the selection decision and the date it was made below. Keep this workbook with the procurement file.
A16: Vendor selected: | B16: [Vendor name]
A17: Date of selection: | B17: [Month DD, YYYY]
